order_id,customer_id,product_name,quantity,unit_price,order_date,status,country,customer_email,payment_method,shipping_cost,order_total
ORD000335,CUST00119,Tablet,6,1212.73,2026-04-15 15:03:23.515296,Delivered,France,cust335@example.com,Bitcoin,2.27,7278.650000000001
ORD000145,CUST00042,Mouse,6,136.36,2026-02-07 15:03:23.515450,Pending,Germany,cust145@example.com,PayPal,3.86,822.0200000000001
ORD000347,CUST00097,Headphones,5,585.89,2026-05-01 15:03:23.515258,Processing,USA,cust347@example.com,Bank Transfer,21.3,2950.75
ORD000088,CUST00015,Laptop,9,616.95,2026-03-05 15:03:23.515390,Cancelled,Netherlands,cust88@example.com,Credit Card,4.6,5557.150000000001
ORD000019,CUST00053,Laptop,4,1239.6,2026-02-28 15:03:23.515400,Pending,Belgium,,Bitcoin,43.97,5002.37
ORD000137,CUST00001,Laptop,9,218.03,2026-03-02 15:03:23.515396,Delivered,France,cust137@example.com,PayPal,10.2,1972.47
ORD000053,CUST00089,Screen,4,73.38,2026-02-20 15:03:23.515419,Pending,Netherlands,cust53@example.com,Credit Card,36.67,330.19
ORD000004,CUST00015,Keyboard,9,1318.55,2026-04-12 15:03:23.515302,Pending,France,cust4@example.com,PayPal,42.16,11909.109999999999
ORD000497,CUST00016,Phone,3,1488.76,2026-02-07 15:03:23.515450,Cancelled,Belgium,cust497@example.com,Credit Card,8.57,4474.849999999999
ORD000221,CUST00129,Case,5,936.34,2026-02-16 15:03:23.515428,Pending,France,cust221@example.com,Credit Card,11.59,4693.29
ORD000371,CUST00181,Tablet,2,1433.51,2026-04-14 15:03:23.515298,Delivered,Germany,cust371@example.com,PayPal,19.31,2886.33
ORD000338,CUST00038,Monitor,5,656.2,2026-04-04 15:03:23.515320,Cancelled,UK,cust338@example.com,Credit Card,18.96,3299.96
ORD000218,CUST00130,Monitor,7,890.56,2026-02-28 15:03:23.515400,Pending,Netherlands,cust218@example.com,Bank Transfer,31.61,6265.53
ORD000204,CUST00186,Screen,1,641.11,2026-03-06 15:03:23.515389,Pending,USA,cust204@example.com,Credit Card,22.31,663.42
ORD000304,CUST00084,Mouse,7,269.84,2026-04-26 15:03:23.515271,Delivered,UK,cust304@example.com,Credit Card,26.58,1915.4599999999998
ORD000261,CUST00168,Headphones,2,59.82,2026-03-24 15:03:23.515350,Shipped,Belgium,cust261@example.com,Credit Card,37.47,157.11
ORD000066,CUST00008,Keyboard,6,671.62,2026-02-27 15:03:23.515404,Processing,USA,cust66@example.com,PayPal,27.39,4057.11
ORD000358,CUST00049,Mouse,7,1295.68,2026-04-21 15:03:23.515282,Cancelled,Germany,cust358@example.com,Credit Card,17.35,9087.11
ORD000499,CUST00192,Laptop,8,812.24,2026-03-30 15:03:23.515337,Pending,France,cust499@example.com,Bank Transfer,22.74,6520.66
ORD000235,CUST00038,Headphones,5,670.73,2026-04-23 15:03:23.515278,Pending,Germany,cust235@example.com,Bank Transfer,22.96,3376.61
ORD000469,CUST00158,Laptop,9,1320.72,2026-04-13 15:03:23.515300,Cancelled,Belgium,cust469@example.com,Credit Card,24.71,11911.189999999999
ORD000133,CUST00193,Mouse,1,723.36,2026-03-13 15:03:23.515374,Shipped,Germany,cust133@example.com,Bitcoin,11.46,734.82
ORD000249,CUST00148,Mouse,2,357.9,2026-02-12 15:03:23.515439,Shipped,UK,cust249@example.com,Credit Card,36.62,752.42
ORD000464,CUST00144,Screen,8,780.99,2026-02-24 15:03:23.515411,Cancelled,USA,cust464@example.com,Credit Card,18.57,6266.49
ORD000005,CUST00107,Screen,0,1197.15,2026-02-11 15:03:23.515441,Cancelled,UK,cust5@example.com,PayPal,4.88,2399.1800000000003
ORD000398,CUST00017,Laptop,7,790.12,2026-04-30 15:03:23.515261,Shipped,Germany,cust398@example.com,Bank Transfer,38.84,5569.68
ORD000499,CUST00192,Laptop,8,812.24,2026-03-30 15:03:23.515337,Pending,France,cust499@example.com,Bank Transfer,22.74,6520.66
ORD000011,CUST00075,Laptop,8,1047.72,2026-03-27 15:03:23.515344,Delivered,Germany,cust11@example.com,Bitcoin,21.48,8403.24
ORD000441,CUST00180,Keyboard,6,893.74,2026-03-18 15:03:23.515364,Processing,USA,cust441@example.com,Bank Transfer,4.01,5366.450000000001
ORD000263,CUST00039,Headphones,5,997.39,2026-03-03 15:03:23.515394,Delivered,Germany,cust263@example.com,Credit Card,49.31,5036.26
ORD000394,CUST00194,Headphones,2,187.22,2026-03-20 15:03:23.515359,Cancelled,UK,cust394@example.com,PayPal,13.92,388.36
ORD000403,CUST00176,Laptop,1,1444.58,2026-03-07 15:03:23.515386,Delivered,Netherlands,cust403@example.com,Bitcoin,38.68,1483.26
ORD000297,CUST00152,Keyboard,4,306.77,2026-03-26 15:03:23.515346,Delivered,France,cust297@example.com,Bank Transfer,34.86,1261.9399999999998
ORD000207,CUST00039,Tablet,3,1481.54,2026-03-16 15:03:23.515368,Delivered,Germany,cust207@example.com,Credit Card,46.23,4490.849999999999
ORD000025,CUST00192,Headphones,7,1249.04,2026-04-08 15:03:23.515311,Processing,Netherlands,cust25@example.com,Bitcoin,25.08,8768.359999999999
ORD000365,CUST00099,USB Cable,7,872.36,2026-04-22 15:03:23.515280,Pending,France,cust365@example.com,Credit Card,42.63,6149.150000000001
ORD000449,CUST00053,Monitor,8,1040.19,2026-04-18 15:03:23.515289,Shipped,USA,cust449@example.com,PayPal,,8347.1
ORD000461,CUST00055,Keyboard,2,343.85,2026-03-30 15:03:23.515337,Cancelled,USA,cust461@example.com,Credit Card,28.47,716.1700000000001
ORD000202,CUST00113,Phone,3,1092.12,2026-03-31 15:03:23.515335,Processing,Germany,cust202@example.com,Bank Transfer,36.03,3312.39
ORD000092,CUST00111,Headphones,4,51.55,2026-04-03 15:03:23.515322,Cancelled,France,cust92@example.com,PayPal,18.66,224.85999999999999
ORD000120,CUST00135,Monitor,100,1197.35,2026-04-25 15:03:23.515273,Delivered,France,cust120@example.com,PayPal,10.73,10786.88
ORD000028,CUST00161,Monitor,6,434.12,2026-03-10 15:03:23.515381,Pending,Germany,cust28@example.com,Credit Card,46.76,2651.4800000000005
ORD000489,CUST00034,Monitor,5,1135.46,2026-02-09 15:03:23.515445,Pending,Netherlands,cust489@example.com,PayPal,,5687.51
ORD000442,CUST00170,Keyboard,5,747.67,2026-04-19 15:03:23.515287,Processing,France,cust442@example.com,Credit Card,15.61,3753.96
ORD000309,CUST00146,USB Cable,8,748.28,2026-02-07 15:03:23.515450,Cancelled,USA,cust309@example.com,Bitcoin,0.67,5986.91
ORD000213,CUST00184,Tablet,6,732.57,2026-03-20 15:03:23.515359,Cancelled,USA,cust213@example.com,Bitcoin,43.63,4439.05
ORD000211,CUST00101,Monitor,4,660.73,2026-02-06 15:03:23.515452,Pending,Belgium,cust211@example.com,Credit Card,37.13,2680.05
ORD000127,CUST00062,Screen,9,902.03,2026-04-18 15:03:23.515289,Delivered,Belgium,cust127@example.com,Bitcoin,40.36,8158.629999999999
ORD000353,CUST00048,USB Cable,8,907.16,2026-04-13 15:03:23.515300,Shipped,Germany,cust353@example.com,Credit Card,0.73,7258.009999999999
ORD000321,CUST00142,Screen,9,164.36,2026-04-07 15:03:23.515313,Delivered,Belgium,cust321@example.com,Credit Card,49.09,1528.3300000000002
ORD000051,CUST00018,Laptop,4,522.1,2026-03-13 15:03:23.515374,Pending,UK,cust51@example.com,Bank Transfer,49.1,2137.5
ORD000495,CUST00117,Tablet,2,601.98,2026-04-10 15:03:23.515306,Cancelled,USA,cust495@example.com,Bitcoin,34.27,1238.23
ORD000033,CUST00059,Laptop,1,952.84,2026-04-19 15:03:23.515287,Cancelled,Germany,cust33@example.com,Bank Transfer,,960.98
ORD000430,CUST00051,Headphones,6,256.18,2026-04-16 15:03:23.515293,Processing,UK,cust430@example.com,Bitcoin,33.71,1570.79
ORD000154,CUST00143,Laptop,4,304.22,2026-02-06 15:03:23.515452,Delivered,Germany,cust154@example.com,Bank Transfer,44.25,1261.13
ORD000257,CUST00096,Headphones,9,927.63,2026-03-16 15:03:23.515368,Shipped,Netherlands,cust257@example.com,Bank Transfer,8.35,8357.02
ORD000350,CUST00192,Screen,5,563.01,2026-03-01 15:03:23.515398,Delivered,Netherlands,cust350@example.com,PayPal,17.51,2832.5600000000004
ORD000490,CUST00096,Laptop,2,524.62,2026-04-10 15:03:23.515306,Delivered,France,cust490@example.com,Bank Transfer,2.12,1051.36
ORD000385,CUST00067,Keyboard,7,430.88,2026-02-08 15:03:23.515448,Pending,France,,PayPal,21.55,3037.71
ORD000302,CUST00166,Mouse,6,668.41,2026-04-21 15:03:23.515282,Cancelled,Belgium,cust302@example.com,Bitcoin,6.37,4016.83
ORD000131,CUST00104,Keyboard,2,1170.88,2026-04-17 15:03:23.515291,Cancelled,Netherlands,cust131@example.com,PayPal,21.92,2363.6800000000003
ORD000238,CUST00116,Laptop,9,891.46,2026-02-10 15:03:23.515443,Cancelled,France,cust238@example.com,PayPal,19.24,8042.38
ORD000194,CUST00051,Mouse,7,977.24,2026-03-17 15:03:23.515366,Pending,Belgium,cust194@example.com,Bitcoin,0.57,6841.25
ORD000281,CUST00129,Screen,8,67.15,2026-03-10 15:03:23.515381,Shipped,Belgium,cust281@example.com,Bitcoin,25.61,562.8100000000001
ORD000372,CUST00095,Laptop,4,32.26,2026-02-18 15:03:23.515424,Delivered,Germany,cust372@example.com,Bank Transfer,29.43,158.47
ORD000306,CUST00099,Mouse,6,1257.98,2026-04-27 15:03:23.515269,Shipped,Germany,cust306@example.com,Credit Card,41.03,7588.91
ORD000301,CUST00164,USB Cable,3,1010.54,2026-04-13 15:03:23.515300,Cancelled,France,cust301@example.com,PayPal,10.17,3041.79
ORD000143,CUST00015,Mouse,1,493.06,2026-04-20 15:03:23.515285,Delivered,USA,cust143@example.com,PayPal,17.8,510.86
ORD000479,CUST00117,USB Cable,9,700.48,2026-04-10 15:03:23.515306,Delivered,USA,,Credit Card,46.25,6350.57
ORD000043,CUST00055,Mouse,6,158.25,2026-04-04 15:03:23.515320,Pending,Netherlands,cust43@example.com,Credit Card,12.36,961.86
ORD000389,CUST00114,USB Cable,4,470.41,2026-03-27 15:03:23.515344,Pending,Netherlands,cust389@example.com,Credit Card,37.41,1919.0500000000002
ORD000124,CUST00033,Phone,-1,113.31,2026-03-03 15:03:23.515394,Processing,Netherlands,cust124@example.com,Bank Transfer,16.35,1036.1399999999999
ORD000118,CUST00041,Monitor,9,875.05,2026-02-06 15:03:23.515452,Delivered,USA,cust118@example.com,Bitcoin,30.86,7906.3099999999995
ORD000345,CUST00021,Keyboard,3,597.28,2026-05-03 15:03:23.515239,Pending,Germany,cust345@example.com,Credit Card,2.43,1794.27
ORD000407,CUST00099,Screen,9,69.9,2026-03-31 15:03:23.515335,Processing,USA,cust407@example.com,PayPal,23.2,652.3000000000001
ORD000457,CUST00116,Case,3,133.06,2026-02-12 15:03:23.515439,Delivered,UK,cust457@example.com,Bank Transfer,36.65,435.83
ORD000086,CUST00095,Monitor,8,414.95,2026-02-25 15:03:23.515408,Delivered,UK,cust86@example.com,Credit Card,34.79,3354.39
ORD000357,CUST00192,Screen,9,572.78,2026-03-24 15:03:23.515350,Pending,Netherlands,cust357@example.com,PayPal,33.12,5188.139999999999
ORD000117,CUST00005,Case,100,100.99,2026-02-20 15:03:23.515419,Delivered,Netherlands,,Bank Transfer,36.29,541.24
ORD000180,CUST00190,Laptop,8,243.52,2026-03-13 15:03:23.515374,Shipped,Germany,cust180@example.com,PayPal,7.22,1955.38
ORD000226,CUST00172,USB Cable,2,1364.0,2026-03-14 15:03:23.515372,Cancelled,UK,cust226@example.com,Credit Card,17.44,2745.44
ORD000418,CUST00065,Screen,2,1350.53,2026-04-12 15:03:23.515302,Processing,Belgium,cust418@example.com,Bank Transfer,36.81,2737.87
ORD000380,CUST00128,Mouse,2,1401.98,2026-04-14 15:03:23.515298,Pending,USA,cust380@example.com,Bank Transfer,29.23,2833.19
ORD000102,CUST00065,Case,9,1267.95,2026-03-05 15:03:23.515390,Pending,Germany,cust102@example.com,PayPal,22.45,11434.000000000002
ORD000212,CUST00113,Screen,5,1089.26,2026-02-05 15:03:23.515454,Delivered,Germany,cust212@example.com,PayPal,3.83,5450.13
ORD000136,CUST00131,Screen,8,1480.06,2026-03-15 15:03:23.515370,Pending,USA,cust136@example.com,Credit Card,35.04,11875.52
ORD000390,CUST00032,Keyboard,6,917.45,2026-03-19 15:03:23.515362,Cancelled,UK,cust390@example.com,Credit Card,11.25,5515.950000000001
ORD000370,CUST00046,Laptop,7,1078.59,2026-03-12 15:03:23.515376,Shipped,France,cust370@example.com,Bank Transfer,35.64,7585.7699999999995
ORD000252,CUST00147,Laptop,9,782.06,2026-02-20 15:03:23.515419,Delivered,Belgium,cust252@example.com,PayPal,31.73,7070.269999999999
ORD000286,CUST00160,Keyboard,1,1427.96,2026-02-04 15:03:23.515456,Pending,France,cust286@example.com,Bitcoin,47.57,1475.53
ORD000177,CUST00075,Laptop,3,127.04,2026-03-31 15:03:23.515335,Delivered,USA,cust177@example.com,PayPal,41.68,422.8
ORD000500,CUST00191,Headphones,100,1263.84,2026-03-10 15:03:23.515381,Delivered,Germany,cust500@example.com,Bitcoin,34.29,10145.01
ORD000428,CUST00191,Case,5,680.39,2026-03-10 15:03:23.515381,Pending,Belgium,cust428@example.com,Credit Card,46.68,3448.6299999999997
ORD000477,CUST00183,Keyboard,9,838.89,2026-03-30 15:03:23.515337,Processing,Belgium,cust477@example.com,Credit Card,43.18,7593.1900000000005
ORD000163,CUST00028,Screen,8,1065.05,2026-03-12 15:03:23.515376,Delivered,Germany,cust163@example.com,PayPal,14.57,8534.97
ORD000091,CUST00082,Phone,4,323.59,2026-04-21 15:03:23.515282,Shipped,Netherlands,cust91@example.com,PayPal,35.19,1329.55
ORD000064,CUST00199,Screen,1,1156.76,2026-04-24 15:03:23.515276,Processing,Belgium,cust64@example.com,Credit Card,48.86,1205.62
ORD000055,CUST00014,Keyboard,9,1460.37,2026-04-13 15:03:23.515300,Cancelled,Belgium,cust55@example.com,Bank Transfer,39.05,13182.379999999997
ORD000413,CUST00135,Mouse,1,345.98,2026-03-05 15:03:23.515390,Cancelled,France,cust413@example.com,Bank Transfer,42.91,388.89
ORD000412,CUST00060,USB Cable,1,1326.89,2026-03-05 15:03:23.515390,Shipped,Belgium,cust412@example.com,Bank Transfer,31.5,1358.39
ORD000363,CUST00117,Case,7,573.39,2026-03-07 15:03:23.515386,Cancelled,Germany,cust363@example.com,Bank Transfer,21.66,4035.39
ORD000139,CUST00142,Phone,4,929.14,2026-03-03 15:03:23.515394,Cancelled,Belgium,cust139@example.com,Bank Transfer,40.92,3757.48
ORD000329,CUST00145,Mouse,7,852.69,2026-03-22 15:03:23.515355,Delivered,USA,cust329@example.com,Bitcoin,3.5,5972.33
ORD000044,CUST00064,Keyboard,6,1406.16,2026-02-05 15:03:23.515454,Cancelled,Netherlands,cust44@example.com,Credit Card,17.79,8454.750000000002
ORD000138,CUST00005,USB Cable,7,750.84,2026-03-02 15:03:23.515396,Pending,USA,cust138@example.com,Bank Transfer,32.7,5288.58
ORD000448,CUST00008,Mouse,3,1077.81,2026-02-03 15:03:23.515459,Delivered,Belgium,cust448@example.com,Bitcoin,6.63,3240.06
ORD000077,CUST00106,Case,4,983.49,2026-03-24 15:03:23.515350,Delivered,Belgium,cust77@example.com,Credit Card,31.54,3965.5
ORD000211,CUST00101,Monitor,4,660.73,2026-02-06 15:03:23.515452,Pending,Belgium,cust211@example.com,Credit Card,37.13,2680.05
ORD000168,CUST00185,Mouse,-1,1223.16,2026-02-12 15:03:23.515439,Cancelled,France,cust168@example.com,Bank Transfer,16.68,2463.0
ORD000203,CUST00062,Case,3,1115.35,2026-04-26 15:03:23.515271,Shipped,Belgium,cust203@example.com,PayPal,41.32,3387.37
ORD000282,CUST00048,Screen,2,226.77,2026-02-20 15:03:23.515419,Cancelled,UK,cust282@example.com,PayPal,5.71,459.25
ORD000045,CUST00131,Laptop,3,1033.39,2026-04-04 15:03:23.515320,Pending,Belgium,cust45@example.com,Bitcoin,4.2,3104.37
ORD000411,CUST00013,Monitor,5,1229.69,2026-04-03 15:03:23.515322,Pending,France,cust411@example.com,Bitcoin,41.22,6189.670000000001
ORD000244,CUST00124,Screen,8,491.16,2026-04-29 15:03:23.515263,Shipped,Germany,cust244@example.com,Bitcoin,39.47,3968.75
ORD000322,CUST00021,Laptop,9,988.48,2026-03-15 15:03:23.515370,Pending,Netherlands,cust322@example.com,Bank Transfer,22.52,8918.84
ORD000181,CUST00129,USB Cable,7,1308.32,2026-04-05 15:03:23.515318,Processing,Belgium,cust181@example.com,Bitcoin,39.2,9197.44
ORD000258,CUST00199,Headphones,6,1061.63,2026-03-29 15:03:23.515339,Shipped,France,cust258@example.com,PayPal,,6381.97
ORD000367,CUST00037,Laptop,3,913.82,2026-02-15 15:03:23.515432,Cancelled,Belgium,cust367@example.com,Bitcoin,37.91,2779.37
ORD000429,CUST00086,Laptop,5,881.98,2026-03-10 15:03:23.515381,Delivered,Belgium,cust429@example.com,Credit Card,40.07,4449.969999999999
ORD000150,CUST00052,Tablet,1,203.41,2026-04-13 15:03:23.515300,Cancelled,Belgium,cust150@example.com,Bank Transfer,29.85,233.26
ORD000486,CUST00058,Mouse,-1,806.06,2026-03-05 15:03:23.515390,Shipped,Germany,cust486@example.com,Credit Card,37.39,6485.87
ORD000084,CUST00190,Laptop,8,959.6,2026-04-09 15:03:23.515309,Delivered,Netherlands,cust84@example.com,Credit Card,3.42,7680.22
ORD000259,CUST00052,USB Cable,6,254.73,2026-02-25 15:03:23.515408,Shipped,UK,cust259@example.com,Bank Transfer,13.38,1541.76
ORD000262,CUST00128,Phone,7,1105.92,2026-02-04 15:03:23.515456,Pending,Belgium,cust262@example.com,Credit Card,28.6,7770.040000000001
ORD000167,CUST00062,Keyboard,3,512.48,2026-03-29 15:03:23.515339,Processing,UK,cust167@example.com,Bitcoin,39.99,1577.43
ORD000424,CUST00092,Mouse,1,638.49,2026-03-01 15:03:23.515398,Shipped,Germany,cust424@example.com,Bank Transfer,35.34,673.83
ORD000012,CUST00088,Monitor,9,1021.81,2026-04-20 15:03:23.515285,Processing,USA,cust12@example.com,PayPal,15.44,9211.73
ORD000101,CUST00045,Monitor,8,1157.53,2026-05-02 15:03:23.515252,Delivered,UK,cust101@example.com,Bank Transfer,5.85,9266.09
ORD000288,CUST00099,Laptop,2,1302.54,2026-04-04 15:03:23.515320,Shipped,UK,cust288@example.com,Bank Transfer,30.57,2635.65
ORD000160,CUST00071,Keyboard,1,1404.64,2026-02-08 15:03:23.515448,Pending,Germany,cust160@example.com,Bank Transfer,25.68,1430.3200000000002
ORD000415,CUST00036,Tablet,8,918.42,2026-03-16 15:03:23.515368,Delivered,Netherlands,cust415@example.com,PayPal,21.45,7368.8099999999995
ORD000002,CUST00180,USB Cable,5,850.77,2026-02-09 15:03:23.515445,Processing,Netherlands,cust2@example.com,Credit Card,39.88,4293.7300000000005
ORD000096,CUST00188,Case,8,712.45,2026-03-05 15:03:23.515390,Processing,USA,cust96@example.com,PayPal,29.18,5728.780000000001
ORD000140,CUST00103,Tablet,6,1055.19,2026-04-27 15:03:23.515269,Delivered,UK,cust140@example.com,Bank Transfer,2.5,6333.64
ORD000470,CUST00147,Monitor,9,978.06,2026-02-19 15:03:23.515422,Shipped,Netherlands,cust470@example.com,Credit Card,43.05,8845.589999999998
ORD000425,CUST00098,Tablet,9,1002.99,2026-04-15 15:03:23.515296,Delivered,Netherlands,cust425@example.com,Bitcoin,48.36,9075.27
ORD000046,CUST00051,Laptop,7,106.42,2026-02-15 15:03:23.515432,Pending,UK,cust46@example.com,Bitcoin,16.67,761.61
ORD000234,CUST00145,Mouse,4,1306.77,2026-04-03 15:03:23.515322,Pending,Germany,cust234@example.com,Credit Card,14.8,5241.88
ORD000108,CUST00136,Keyboard,4,926.89,2026-03-31 15:03:23.515335,Shipped,France,cust108@example.com,Bank Transfer,31.26,3738.82
ORD000225,CUST00053,Keyboard,2,1075.16,2026-05-03 15:03:23.515239,Pending,Germany,cust225@example.com,Bank Transfer,41.44,2191.76
ORD000135,CUST00175,Screen,6,366.86,2026-03-27 15:03:23.515344,Shipped,Netherlands,cust135@example.com,Credit Card,33.53,2234.69
ORD000023,CUST00038,Screen,8,245.34,2026-03-03 15:03:23.515394,Delivered,Netherlands,cust23@example.com,Bank Transfer,15.83,1978.55
ORD000121,CUST00072,Headphones,4,468.99,2026-04-13 15:03:23.515300,Cancelled,Belgium,,Credit Card,33.25,1909.21
ORD000239,CUST00098,USB Cable,2,249.47,2026-04-27 15:03:23.515269,Processing,Netherlands,cust239@example.com,Credit Card,24.47,523.41
ORD000498,CUST00189,Keyboard,3,1390.87,2026-04-27 15:03:23.515269,Pending,Germany,cust498@example.com,Bank Transfer,22.68,4195.29
ORD000278,CUST00060,Mouse,5,1401.14,2026-04-17 15:03:23.515291,Pending,USA,cust278@example.com,Bank Transfer,46.66,7052.360000000001
ORD000156,CUST00029,Case,6,161.33,2026-03-26 15:03:23.515346,Processing,Belgium,cust156@example.com,Credit Card,24.68,992.66
ORD000423,CUST00143,Screen,9,1234.81,2026-04-03 15:03:23.515322,Cancelled,Germany,cust423@example.com,Credit Card,40.64,11153.929999999998
ORD000400,CUST00161,USB Cable,3,164.78,2026-05-01 15:03:23.515258,Cancelled,Belgium,cust400@example.com,PayPal,23.08,517.4200000000001
ORD000395,CUST00127,Screen,7,275.82,2026-04-14 15:03:23.515298,Cancelled,USA,cust395@example.com,Credit Card,32.74,1963.48
ORD000061,CUST00092,Tablet,6,38.07,2026-02-15 15:03:23.515432,Pending,Netherlands,cust61@example.com,Credit Card,45.74,274.16
ORD000356,CUST00035,Case,9,697.92,2026-02-27 15:03:23.515404,Pending,Netherlands,cust356@example.com,PayPal,19.33,6300.61
ORD000406,CUST00026,Monitor,8,827.59,2026-04-10 15:03:23.515306,Cancelled,UK,cust406@example.com,Credit Card,10.86,6631.58
ORD000388,CUST00024,Screen,100,811.05,2026-02-19 15:03:23.515422,Shipped,USA,cust388@example.com,PayPal,31.84,842.89
ORD000159,CUST00160,USB Cable,7,52.22,2026-04-21 15:03:23.515282,Cancelled,USA,cust159@example.com,PayPal,19.87,385.40999999999997
ORD000348,CUST00028,Headphones,1,675.8,2026-02-28 15:03:23.515400,Pending,UK,cust348@example.com,PayPal,27.4,703.1999999999999
ORD000289,CUST00147,USB Cable,6,684.84,2026-02-09 15:03:23.515445,Delivered,Belgium,cust289@example.com,Bank Transfer,42.87,4151.91
ORD000410,CUST00152,Mouse,4,904.41,2026-04-15 15:03:23.515296,Cancelled,Germany,cust410@example.com,Credit Card,44.42,3662.06
ORD000129,CUST00099,Screen,2,1044.0,2026-04-30 15:03:23.515261,Processing,France,cust129@example.com,Bank Transfer,40.86,2128.86
ORD000266,CUST00129,Screen,5,1209.48,2026-03-29 15:03:23.515339,Pending,Netherlands,cust266@example.com,Credit Card,43.57,6090.969999999999
ORD000451,CUST00108,USB Cable,5,196.95,2026-03-04 15:03:23.515392,Processing,Belgium,cust451@example.com,Bank Transfer,46.92,1031.67
ORD000368,CUST00024,Screen,8,1148.5,2026-04-20 15:03:23.515285,Pending,USA,cust368@example.com,Bank Transfer,15.35,9203.35
ORD000057,CUST00090,Keyboard,5,1125.73,2026-02-27 15:03:23.515404,Delivered,UK,cust57@example.com,PayPal,30.06,5658.71
ORD000147,CUST00179,Headphones,5,54.64,2026-03-10 15:03:23.515381,Shipped,France,cust147@example.com,Bitcoin,17.74,290.94
ORD000119,CUST00028,Headphones,5,407.15,2026-02-10 15:03:23.515443,Pending,Netherlands,cust119@example.com,Bitcoin,36.97,2072.72
ORD000248,CUST00003,Laptop,1,683.42,2026-03-27 15:03:23.515344,Cancelled,USA,cust248@example.com,Bitcoin,20.71,704.13
ORD000462,CUST00168,Headphones,2,535.72,2026-03-19 15:03:23.515362,Processing,France,cust462@example.com,PayPal,43.42,1114.8600000000001
ORD000110,CUST00139,Phone,7,724.88,2026-02-04 15:03:23.515456,Shipped,Belgium,cust110@example.com,Credit Card,2.52,5076.68
ORD000142,CUST00137,Case,8,19.61,2026-02-07 15:03:23.515450,Cancelled,Belgium,cust142@example.com,PayPal,1.48,158.35999999999999
ORD000307,CUST00153,Monitor,6,1417.2,2026-04-11 15:03:23.515304,Delivered,USA,cust307@example.com,Bitcoin,20.23,8523.43
ORD000017,CUST00131,Phone,5,1308.41,2026-05-02 15:03:23.515252,Delivered,France,cust17@example.com,Bank Transfer,47.62,6589.67
ORD000295,CUST00120,Headphones,5,465.36,2026-04-13 15:03:23.515300,Cancelled,Belgium,cust295@example.com,PayPal,44.08,2370.88
ORD000346,CUST00030,Keyboard,8,1044.72,2026-04-29 15:03:23.515263,Pending,Netherlands,cust346@example.com,Credit Card,29.05,8386.81
ORD000379,CUST00067,Tablet,3,95.1,2026-04-30 15:03:23.515261,Shipped,France,cust379@example.com,Bitcoin,27.9,313.19999999999993
ORD000158,CUST00013,Monitor,1,1061.18,2026-02-28 15:03:23.515400,Shipped,Germany,cust158@example.com,PayPal,39.34,1100.52
ORD000031,CUST00089,Keyboard,1,949.56,2026-04-12 15:03:23.515302,Cancelled,France,cust31@example.com,PayPal,31.4,980.9599999999999
ORD000240,CUST00198,Laptop,5,589.67,2026-04-06 15:03:23.515316,Shipped,Netherlands,cust240@example.com,PayPal,21.48,2969.83
ORD000332,CUST00176,Phone,2,609.19,2026-03-09 15:03:23.515383,Shipped,USA,cust332@example.com,Bitcoin,35.33,1253.71
ORD000169,CUST00134,Screen,1,124.77,2026-03-05 15:03:23.515390,Shipped,Germany,cust169@example.com,PayPal,43.26,168.03
ORD000275,CUST00144,Laptop,7,63.82,2026-04-23 15:03:23.515278,Delivered,Netherlands,cust275@example.com,Bitcoin,47.26,494.0
ORD000405,CUST00170,Case,9,1209.96,2026-04-30 15:03:23.515261,Pending,Netherlands,cust405@example.com,PayPal,7.53,10897.17
ORD000354,CUST00147,Laptop,9,1003.98,2026-03-19 15:03:23.515362,Delivered,USA,cust354@example.com,Credit Card,10.36,9046.18
ORD000360,CUST00172,Screen,7,721.38,2026-03-29 15:03:23.515339,Pending,Netherlands,cust360@example.com,PayPal,7.93,5057.59
ORD000255,CUST00147,USB Cable,9,649.18,2026-03-15 15:03:23.515370,Processing,UK,cust255@example.com,Bitcoin,10.59,5853.21
ORD000343,CUST00027,Mouse,1,490.26,2026-04-18 15:03:23.515289,Shipped,Belgium,cust343@example.com,Bitcoin,4.77,495.03
ORD000491,CUST00126,Headphones,6,999.04,2026-02-04 15:03:23.515456,Delivered,Germany,cust491@example.com,Bitcoin,28.99,6023.23
ORD000438,CUST00058,Phone,4,822.31,2026-02-23 15:03:23.515413,Shipped,Belgium,cust438@example.com,PayPal,42.46,3331.7
ORD000280,CUST00002,Phone,6,763.32,2026-04-16 15:03:23.515293,Pending,USA,cust280@example.com,Bank Transfer,49.02,4628.9400000000005
ORD000352,CUST00061,Headphones,6,114.43,2026-04-24 15:03:23.515276,Shipped,France,cust352@example.com,Credit Card,37.93,724.51
ORD000422,CUST00115,Monitor,5,415.84,2026-03-07 15:03:23.515386,Processing,France,cust422@example.com,Credit Card,37.4,2116.6
ORD000254,CUST00195,Phone,2,1244.18,2026-02-14 15:03:23.515435,Pending,UK,cust254@example.com,Credit Card,5.92,2494.28
ORD000282,CUST00048,Screen,-1,226.77,2026-02-20 15:03:23.515419,Cancelled,UK,cust282@example.com,PayPal,5.71,459.25
ORD000336,CUST00022,Monitor,2,1144.62,2026-04-11 15:03:23.515304,Delivered,France,cust336@example.com,Bank Transfer,17.5,2306.74
ORD000339,CUST00109,Tablet,1,1227.66,2026-03-26 15:03:23.515346,Shipped,Germany,cust339@example.com,Credit Card,41.57,1269.23
ORD000231,CUST00183,Mouse,3,1282.31,2026-04-14 15:03:23.515298,Delivered,France,cust231@example.com,PayPal,23.09,3870.02
ORD000065,CUST00172,Mouse,6,1026.53,2026-04-09 15:03:23.515309,Pending,France,cust65@example.com,PayPal,5.16,6164.34
ORD000426,CUST00066,USB Cable,8,147.83,2026-03-17 15:03:23.515366,Delivered,USA,cust426@example.com,PayPal,41.33,1223.97
ORD000393,CUST00151,Phone,-1,623.26,2026-03-08 15:03:23.515385,Shipped,France,cust393@example.com,Bank Transfer,23.16,646.42
ORD000416,CUST00173,Laptop,2,619.49,2026-03-02 15:03:23.515396,Processing,France,cust416@example.com,PayPal,10.05,1249.03
ORD000020,CUST00002,Headphones,9,197.66,2026-02-18 15:03:23.515424,Shipped,USA,,Bitcoin,40.44,1819.38
ORD000294,CUST00054,Headphones,3,49.81,2026-03-19 15:03:23.515362,Pending,Netherlands,cust294@example.com,Credit Card,35.73,185.16
ORD000198,CUST00118,Headphones,8,50.83,2026-03-05 15:03:23.515390,Processing,Netherlands,cust198@example.com,PayPal,25.82,432.46
ORD000242,CUST00144,Laptop,4,390.91,2026-03-07 15:03:23.515386,Shipped,Netherlands,cust242@example.com,Bitcoin,43.15,1606.7900000000002
ORD000299,CUST00075,USB Cable,7,1455.02,2026-03-18 15:03:23.515364,Shipped,Germany,cust299@example.com,Bitcoin,23.25,10208.39
ORD000381,CUST00018,Screen,3,530.68,2026-04-24 15:03:23.515276,Pending,Germany,cust381@example.com,Credit Card,6.68,1598.72
ORD000421,CUST00142,USB Cable,1,1171.89,2026-04-04 15:03:23.515320,Delivered,Netherlands,cust421@example.com,PayPal,4.72,1176.6100000000001
ORD000076,CUST00054,Headphones,3,1022.35,2026-05-01 15:03:23.515258,Delivered,Netherlands,cust76@example.com,PayPal,37.01,3104.0600000000004
ORD000344,CUST00027,Screen,8,552.86,2026-02-21 15:03:23.515417,Pending,France,cust344@example.com,Bank Transfer,5.18,4428.06
ORD000393,CUST00151,Phone,1,623.26,2026-03-08 15:03:23.515385,Shipped,France,cust393@example.com,Bank Transfer,23.16,646.42
ORD000391,CUST00175,Keyboard,9,1075.65,2026-04-30 15:03:23.515261,Shipped,Netherlands,cust391@example.com,Bitcoin,26.44,9707.29
ORD000149,CUST00096,Keyboard,7,598.4,2026-03-03 15:03:23.515394,Cancelled,France,cust149@example.com,Credit Card,10.77,4199.570000000001
ORD000029,CUST00058,Screen,1,927.31,2026-04-28 15:03:23.515267,Cancelled,Germany,cust29@example.com,Credit Card,42.53,969.8399999999999
ORD000107,CUST00129,Case,5,1381.67,2026-02-10 15:03:23.515443,Pending,Germany,cust107@example.com,Credit Card,38.62,6946.97
ORD000274,CUST00007,Monitor,6,1405.23,2026-04-02 15:03:23.515330,Cancelled,Germany,cust274@example.com,Credit Card,1.11,8432.490000000002
ORD000052,CUST00132,Tablet,7,933.27,2026-04-20 15:03:23.515285,Pending,France,cust52@example.com,Bank Transfer,39.24,6572.129999999999
ORD000049,CUST00073,Keyboard,4,105.69,2026-02-13 15:03:23.515437,Delivered,Netherlands,cust49@example.com,Bank Transfer,10.27,433.03
ORD000068,CUST00035,Phone,8,1495.7,2026-03-11 15:03:23.515379,Cancelled,Belgium,cust68@example.com,Credit Card,27.77,11993.37
ORD000193,CUST00165,Case,9,1462.32,2026-03-05 15:03:23.515390,Processing,Germany,cust193@example.com,Credit Card,35.65,13196.529999999999
ORD000277,CUST00112,Tablet,6,681.04,2026-04-19 15:03:23.515287,Pending,USA,cust277@example.com,Bitcoin,24.79,4111.03
ORD000319,CUST00068,Tablet,2,593.83,2026-02-14 15:03:23.515435,Cancelled,UK,cust319@example.com,Bank Transfer,42.4,1230.0600000000002
ORD000040,CUST00190,Laptop,3,516.1,2026-02-11 15:03:23.515441,Pending,UK,cust40@example.com,Credit Card,21.53,1569.8300000000002
ORD000364,CUST00006,Case,5,601.24,2026-03-11 15:03:23.515379,Delivered,USA,cust364@example.com,PayPal,38.72,3044.9199999999996
ORD000250,CUST00187,Case,3,114.88,2026-04-26 15:03:23.515271,Shipped,UK,cust250@example.com,PayPal,44.08,388.71999999999997
ORD000233,CUST00123,Tablet,7,374.61,2026-03-07 15:03:23.515386,Delivered,Belgium,cust233@example.com,Bank Transfer,0.66,2622.93
ORD000071,CUST00050,Headphones,8,249.62,2026-04-20 15:03:23.515285,Processing,Netherlands,cust71@example.com,Bitcoin,10.22,2007.18
ORD000277,CUST00112,Tablet,6,681.04,2026-04-19 15:03:23.515287,Pending,USA,cust277@example.com,Bitcoin,24.79,4111.03
ORD000369,CUST00093,Monitor,2,1220.41,2026-03-31 15:03:23.515335,Pending,Netherlands,cust369@example.com,Bitcoin,,2461.57
ORD000058,CUST00053,Phone,7,199.48,2026-05-02 15:03:23.515252,Processing,France,cust58@example.com,Bitcoin,49.52,1445.8799999999999
ORD000311,CUST00110,Tablet,4,1304.01,2026-02-04 15:03:23.515456,Pending,USA,cust311@example.com,PayPal,32.39,5248.43
ORD000432,CUST00186,Headphones,8,1294.88,2026-03-18 15:03:23.515364,Pending,France,cust432@example.com,Bitcoin,23.29,10382.330000000002
ORD000243,CUST00097,Headphones,6,986.82,2026-04-29 15:03:23.515263,Shipped,Netherlands,cust243@example.com,Credit Card,26.59,5947.51
ORD000334,CUST00115,USB Cable,3,1003.05,2026-03-02 15:03:23.515396,Delivered,UK,cust334@example.com,PayPal,18.47,3027.6199999999994
ORD000146,CUST00124,Headphones,2,529.19,2026-04-29 15:03:23.515263,Delivered,UK,cust146@example.com,Bitcoin,45.56,1103.94
ORD000313,CUST00194,Screen,3,50.43,2026-04-05 15:03:23.515318,Pending,Netherlands,cust313@example.com,PayPal,14.04,165.32999999999998
ORD000431,CUST00153,USB Cable,7,1106.63,2026-03-02 15:03:23.515396,Shipped,Netherlands,cust431@example.com,Bitcoin,0.29,7746.700000000001
ORD000170,CUST00028,Monitor,3,1342.75,2026-04-23 15:03:23.515278,Cancelled,France,cust170@example.com,Credit Card,45.76,4074.01
ORD000487,CUST00122,Tablet,6,149.53,2026-03-08 15:03:23.515385,Processing,Netherlands,cust487@example.com,Credit Card,40.51,937.69
ORD000039,CUST00175,Mouse,8,1444.67,2026-03-27 15:03:23.515344,Shipped,Germany,cust39@example.com,Bank Transfer,46.75,11604.11
ORD000443,CUST00070,Tablet,3,1481.74,2026-02-23 15:03:23.515413,Shipped,Belgium,cust443@example.com,Bank Transfer,0.79,4446.01
ORD000229,CUST00160,Headphones,4,1457.24,2026-04-17 15:03:23.515291,Cancelled,Belgium,cust229@example.com,Bitcoin,44.22,5873.18
ORD000454,CUST00196,Tablet,7,869.69,2026-05-01 15:03:23.515258,Processing,Germany,cust454@example.com,Bank Transfer,19.53,6107.36
ORD000205,CUST00052,Tablet,8,522.17,2026-02-07 15:03:23.515450,Pending,Belgium,cust205@example.com,Bank Transfer,40.29,4217.65
ORD000182,CUST00121,Headphones,7,332.72,2026-03-27 15:03:23.515344,Delivered,Germany,cust182@example.com,Credit Card,20.97,2350.0099999999998
ORD000488,CUST00001,Mouse,8,678.3,2026-04-03 15:03:23.515322,Shipped,France,cust488@example.com,Bank Transfer,20.69,5447.089999999999
ORD000386,CUST00104,Phone,7,464.4,2026-03-11 15:03:23.515379,Cancelled,USA,cust386@example.com,PayPal,,3278.2699999999995
ORD000469,CUST00158,Laptop,9,1320.72,2026-04-13 15:03:23.515300,Cancelled,Belgium,cust469@example.com,Credit Card,24.71,11911.189999999999
ORD000293,CUST00152,Phone,4,213.78,2026-03-14 15:03:23.515372,Cancelled,France,cust293@example.com,Credit Card,11.1,866.22
ORD000303,CUST00104,Mouse,2,1302.87,2026-04-13 15:03:23.515300,Cancelled,UK,cust303@example.com,Credit Card,14.28,2620.02
ORD000316,CUST00189,Headphones,1,1016.39,2026-05-02 15:03:23.515252,Pending,Belgium,cust316@example.com,Bitcoin,23.96,1040.35
ORD000331,CUST00033,Case,3,1318.38,2026-03-04 15:03:23.515392,Cancelled,Germany,cust331@example.com,Credit Card,30.42,3985.5600000000004
ORD000114,CUST00163,Headphones,7,648.31,2026-04-03 15:03:23.515322,Shipped,Netherlands,cust114@example.com,Credit Card,27.1,4565.27
ORD000435,CUST00125,Phone,9,40.34,2026-03-20 15:03:23.515359,Pending,Belgium,cust435@example.com,Bank Transfer,15.91,378.9700000000001
ORD000314,CUST00054,Keyboard,3,1396.77,2026-04-21 15:03:23.515282,Delivered,UK,,Credit Card,10.4,4200.709999999999
ORD000208,CUST00130,Headphones,8,64.96,2026-02-14 15:03:23.515435,Shipped,UK,cust208@example.com,Bank Transfer,22.17,541.8499999999999
ORD000062,CUST00111,Screen,2,488.8,2026-04-14 15:03:23.515298,Pending,Netherlands,cust62@example.com,Bank Transfer,0.57,978.1700000000001
ORD000455,CUST00006,USB Cable,1,414.87,2026-02-16 15:03:23.515428,Pending,USA,cust455@example.com,PayPal,3.47,418.34000000000003
ORD000188,CUST00103,Headphones,7,749.8,2026-04-17 15:03:23.515291,Delivered,UK,cust188@example.com,Bitcoin,20.38,5268.98
ORD000228,CUST00198,Keyboard,5,360.13,2026-04-10 15:03:23.515306,Pending,UK,cust228@example.com,Bitcoin,39.72,1840.3700000000001
ORD000396,CUST00155,Phone,3,1023.27,2026-04-17 15:03:23.515291,Pending,USA,cust396@example.com,PayPal,41.19,3111.0
ORD000465,CUST00013,USB Cable,3,106.08,2026-03-01 15:03:23.515398,Pending,France,cust465@example.com,PayPal,30.93,349.17
ORD000161,CUST00187,USB Cable,7,82.7,2026-02-03 15:03:23.515459,Shipped,UK,cust161@example.com,Bitcoin,12.67,591.5699999999999
ORD000032,CUST00049,Screen,9,393.41,2026-03-22 15:03:23.515355,Processing,UK,cust32@example.com,Bitcoin,12.38,3553.07
ORD000500,CUST00191,Headphones,8,1263.84,2026-03-10 15:03:23.515381,Delivered,Germany,cust500@example.com,Bitcoin,34.29,10145.01
ORD000171,CUST00028,Tablet,2,823.65,2026-03-02 15:03:23.515396,Delivered,Netherlands,cust171@example.com,Bank Transfer,42.99,1690.29
ORD000310,CUST00128,Laptop,1,928.68,2026-04-12 15:03:23.515302,Cancelled,USA,cust310@example.com,Bank Transfer,20.49,949.17
ORD000125,CUST00048,Headphones,3,591.78,2026-04-27 15:03:23.515269,Processing,UK,cust125@example.com,Bitcoin,44.5,1819.84
ORD000260,CUST00161,Keyboard,4,255.59,2026-02-15 15:03:23.515432,Processing,Germany,cust260@example.com,Bank Transfer,16.78,1039.14
ORD000290,CUST00048,Headphones,1,775.82,2026-02-08 15:03:23.515448,Delivered,UK,cust290@example.com,Bank Transfer,33.66,809.48
ORD000445,CUST00054,Monitor,9,1044.24,2026-02-15 15:03:23.515432,Pending,Germany,cust445@example.com,Credit Card,45.83,9443.99
ORD000399,CUST00104,Phone,2,1065.02,2026-04-20 15:03:23.515285,Delivered,Belgium,cust399@example.com,Bank Transfer,,2171.12
ORD000326,CUST00136,Mouse,9,613.33,2026-03-21 15:03:23.515357,Cancelled,France,cust326@example.com,Bitcoin,47.13,5567.1
ORD000018,CUST00150,Monitor,3,48.72,2026-02-20 15:03:23.515419,Processing,France,cust18@example.com,Credit Card,11.34,157.5
ORD000097,CUST00124,Keyboard,1,1452.45,2026-03-02 15:03:23.515396,Pending,France,cust97@example.com,PayPal,26.29,1478.74
ORD000251,CUST00164,Keyboard,1,258.79,2026-04-09 15:03:23.515309,Shipped,France,cust251@example.com,Credit Card,6.07,264.86
ORD000373,CUST00099,Keyboard,7,297.69,2026-04-18 15:03:23.515289,Pending,France,cust373@example.com,Bitcoin,9.27,2093.1
ORD000162,CUST00086,Phone,3,814.24,2026-02-08 15:03:23.515448,Pending,USA,cust162@example.com,Credit Card,49.38,2492.1000000000004
ORD000377,CUST00160,Screen,1,369.01,2026-03-07 15:03:23.515386,Pending,Netherlands,cust377@example.com,Bank Transfer,36.22,405.23
ORD000476,CUST00058,Monitor,3,994.45,2026-03-26 15:03:23.515346,Cancelled,Netherlands,cust476@example.com,Bank Transfer,,3001.4700000000003
ORD000265,CUST00104,Headphones,2,1267.03,2026-04-13 15:03:23.515300,Cancelled,Netherlands,cust265@example.com,Credit Card,37.69,2571.75
ORD000185,CUST00121,Headphones,2,277.27,2026-03-23 15:03:23.515353,Cancelled,Netherlands,cust185@example.com,Bitcoin,29.94,584.48
ORD000480,CUST00062,Mouse,2,94.91,2026-03-08 15:03:23.515385,Processing,USA,cust480@example.com,Bitcoin,31.58,221.39999999999998
ORD000201,CUST00180,Keyboard,5,1303.07,2026-02-18 15:03:23.515424,Processing,USA,cust201@example.com,Bitcoin,37.34,6552.69
ORD000351,CUST00197,USB Cable,6,344.77,2026-02-04 15:03:23.515456,Processing,USA,cust351@example.com,Credit Card,33.87,2102.49
ORD000105,CUST00009,Laptop,100,201.21,2026-04-03 15:03:23.515322,Shipped,Netherlands,cust105@example.com,Bitcoin,46.95,248.16000000000003
ORD000016,CUST00152,Headphones,5,1321.9,2026-02-08 15:03:23.515448,Cancelled,UK,cust16@example.com,Credit Card,35.72,6645.22
ORD000148,CUST00063,USB Cable,1,122.47,2026-05-02 15:03:23.515252,Pending,France,cust148@example.com,Bank Transfer,21.24,143.71
ORD000069,CUST00081,Monitor,0,642.14,2026-04-01 15:03:23.515333,Processing,France,cust69@example.com,PayPal,9.49,2578.0499999999997
ORD000081,CUST00146,Case,8,651.34,2026-04-26 15:03:23.515271,Shipped,Germany,cust81@example.com,PayPal,29.77,5240.490000000001
ORD000300,CUST00113,Mouse,8,145.38,2026-04-16 15:03:23.515293,Processing,UK,cust300@example.com,Bank Transfer,43.71,1206.75
ORD000132,CUST00035,Phone,2,64.23,2026-03-13 15:03:23.515374,Shipped,Belgium,cust132@example.com,Credit Card,49.81,178.27
ORD000471,CUST00145,Laptop,4,801.77,2026-03-01 15:03:23.515398,Processing,UK,cust471@example.com,PayPal,23.06,3230.14
ORD000404,CUST00039,Monitor,5,727.9,2026-03-10 15:03:23.515381,Cancelled,Netherlands,cust404@example.com,Bitcoin,37.39,3676.89
ORD000113,CUST00163,Screen,6,1029.92,2026-03-15 15:03:23.515370,Shipped,Germany,cust113@example.com,Bank Transfer,46.81,6226.330000000001
ORD000128,CUST00037,Phone,6,441.04,2026-04-30 15:03:23.515261,Delivered,Netherlands,cust128@example.com,Bitcoin,43.07,2689.3100000000004
ORD000468,CUST00106,Monitor,8,812.32,2026-03-16 15:03:23.515368,Delivered,Germany,cust468@example.com,Credit Card,22.15,6520.71
ORD000272,CUST00042,Laptop,5,90.34,2026-04-18 15:03:23.515289,Delivered,Netherlands,cust272@example.com,Credit Card,27.33,479.03000000000003
ORD000291,CUST00131,Case,3,735.83,2026-03-21 15:03:23.515357,Processing,France,cust291@example.com,PayPal,20.41,2227.9
ORD000022,CUST00158,Screen,2,1116.54,2026-03-13 15:03:23.515374,Shipped,USA,cust22@example.com,PayPal,31.25,2264.33
ORD000245,CUST00187,Case,1,1161.34,2026-04-26 15:03:23.515271,Shipped,Germany,cust245@example.com,Credit Card,14.84,1176.1799999999998
ORD000085,CUST00014,Keyboard,7,599.4,2026-02-14 15:03:23.515435,Processing,Germany,cust85@example.com,PayPal,21.52,4217.320000000001
ORD000093,CUST00053,Laptop,5,979.24,2026-02-15 15:03:23.515432,Pending,Germany,cust93@example.com,PayPal,28.18,4924.38
ORD000094,CUST00024,Phone,8,555.95,2026-04-14 15:03:23.515298,Processing,France,cust94@example.com,PayPal,22.53,4470.13
ORD000056,CUST00009,Mouse,1,1453.47,2026-03-30 15:03:23.515337,Processing,France,cust56@example.com,Bitcoin,39.26,1492.73
ORD000178,CUST00128,Case,4,95.23,2026-03-13 15:03:23.515374,Delivered,USA,cust178@example.com,PayPal,24.97,405.89
ORD000349,CUST00111,Mouse,-1,360.13,2026-04-30 15:03:23.515261,Cancelled,UK,cust349@example.com,Credit Card,26.05,2546.96
ORD000014,CUST00100,Screen,3,1130.31,2026-04-11 15:03:23.515304,Shipped,Belgium,cust14@example.com,PayPal,,3396.85
ORD000038,CUST00190,Phone,8,814.19,2026-03-23 15:03:23.515353,Shipped,UK,cust38@example.com,PayPal,20.58,6534.1
ORD000456,CUST00109,Keyboard,9,123.73,2026-02-23 15:03:23.515413,Pending,France,cust456@example.com,Credit Card,31.92,1145.49
ORD000455,CUST00006,USB Cable,1,414.87,2026-02-16 15:03:23.515428,Pending,USA,cust455@example.com,PayPal,3.47,418.34000000000003
ORD000459,CUST00047,Tablet,1,291.84,2026-04-15 15:03:23.515296,Shipped,UK,cust459@example.com,PayPal,6.92,298.76
ORD000098,CUST00041,Case,9,282.36,2026-04-28 15:03:23.515267,Processing,Netherlands,cust98@example.com,Credit Card,12.48,2553.7200000000003
ORD000482,CUST00127,Screen,8,1436.65,2026-03-24 15:03:23.515350,Shipped,France,cust482@example.com,Bank Transfer,32.21,11525.41
ORD000323,CUST00048,Monitor,8,1499.12,2026-02-14 15:03:23.515435,Shipped,France,cust323@example.com,Bank Transfer,25.67,12018.63
ORD000414,CUST00057,Tablet,3,322.01,2026-04-15 15:03:23.515296,Pending,France,cust414@example.com,Bank Transfer,39.19,1005.22
ORD000362,CUST00046,Screen,6,515.17,2026-02-03 15:03:23.515459,Shipped,France,cust362@example.com,Bank Transfer,30.27,3121.2899999999995
ORD000269,CUST00178,Laptop,6,312.73,2026-04-21 15:03:23.515282,Pending,USA,cust269@example.com,Bitcoin,37.68,1914.0600000000002
ORD000241,CUST00139,Mouse,3,1454.27,2026-03-14 15:03:23.515372,Pending,UK,cust241@example.com,Credit Card,37.03,4399.839999999999
ORD000446,CUST00188,Tablet,9,609.46,2026-02-18 15:03:23.515424,Delivered,USA,cust446@example.com,Credit Card,35.31,5520.450000000001
ORD000442,CUST00170,Keyboard,5,747.67,2026-04-19 15:03:23.515287,Processing,France,cust442@example.com,Credit Card,15.61,3753.96
ORD000392,CUST00086,Case,2,412.57,2026-03-05 15:03:23.515390,Shipped,Netherlands,cust392@example.com,Bank Transfer,41.3,866.4399999999999
ORD000047,CUST00135,Keyboard,3,454.94,2026-04-28 15:03:23.515267,Processing,Netherlands,cust47@example.com,Bitcoin,33.88,1398.7
ORD000190,CUST00155,Keyboard,7,1080.21,2026-03-24 15:03:23.515350,Processing,Netherlands,cust190@example.com,PayPal,1.42,7562.89
ORD000355,CUST00004,Headphones,2,931.14,2026-04-07 15:03:23.515313,Processing,UK,cust355@example.com,Bitcoin,35.66,1897.94
ORD000264,CUST00082,Headphones,6,714.57,2026-04-24 15:03:23.515276,Delivered,Belgium,cust264@example.com,PayPal,20.74,4308.16
ORD000247,CUST00093,Laptop,7,1454.88,2026-04-24 15:03:23.515276,Delivered,UK,cust247@example.com,PayPal,17.26,10201.42
ORD000292,CUST00148,Laptop,5,1001.96,2026-04-02 15:03:23.515330,Pending,Belgium,cust292@example.com,Bitcoin,44.28,5054.08
ORD000333,CUST00187,Phone,5,493.91,2026-05-01 15:03:23.515258,Delivered,Germany,cust333@example.com,Bitcoin,18.72,2488.27
ORD000271,CUST00159,Case,1,408.28,2026-04-02 15:03:23.515330,Shipped,Netherlands,cust271@example.com,Credit Card,16.38,424.65999999999997
ORD000027,CUST00021,Mouse,3,14.55,2026-02-11 15:03:23.515441,Delivered,Germany,cust27@example.com,PayPal,15.64,59.290000000000006
ORD000463,CUST00052,USB Cable,1,108.79,2026-04-08 15:03:23.515311,Cancelled,France,,Credit Card,18.96,127.75
ORD000079,CUST00054,Screen,5,1426.54,2026-04-09 15:03:23.515309,Processing,Germany,cust79@example.com,PayPal,34.49,7167.19
ORD000483,CUST00137,Headphones,9,267.08,2026-03-11 15:03:23.515379,Delivered,USA,cust483@example.com,Credit Card,48.71,2452.43
ORD000050,CUST00167,Laptop,1,875.34,2026-04-27 15:03:23.515269,Processing,Netherlands,cust50@example.com,Bitcoin,19.07,894.4100000000001
ORD000091,CUST00082,Phone,4,323.59,2026-04-21 15:03:23.515282,Shipped,Netherlands,cust91@example.com,PayPal,35.19,1329.55
ORD000342,CUST00008,Keyboard,7,13.61,2026-03-07 15:03:23.515386,Processing,USA,cust342@example.com,Bitcoin,31.6,126.87
ORD000024,CUST00130,USB Cable,8,1227.86,2026-04-11 15:03:23.515304,Cancelled,UK,cust24@example.com,Bank Transfer,,9863.699999999999
ORD000420,CUST00144,Headphones,9,359.12,2026-02-17 15:03:23.515426,Pending,France,cust420@example.com,Bank Transfer,33.34,3265.42
ORD000480,CUST00062,Mouse,2,94.91,2026-03-08 15:03:23.515385,Processing,USA,cust480@example.com,Bitcoin,31.58,221.39999999999998
ORD000317,CUST00169,Monitor,2,327.43,2026-04-05 15:03:23.515318,Processing,Belgium,cust317@example.com,PayPal,9.09,663.95
ORD000253,CUST00090,Headphones,8,508.82,2026-02-27 15:03:23.515404,Pending,France,cust253@example.com,PayPal,29.11,4099.67
ORD000437,CUST00058,Tablet,4,912.61,2026-04-17 15:03:23.515291,Processing,Netherlands,cust437@example.com,Credit Card,44.59,3695.03
ORD000116,CUST00123,Keyboard,8,739.93,2026-02-14 15:03:23.515435,Processing,France,cust116@example.com,Bank Transfer,11.02,5930.46
ORD000460,CUST00099,Screen,3,488.44,2026-03-23 15:03:23.515353,Pending,Belgium,cust460@example.com,Bank Transfer,28.94,1494.26
ORD000175,CUST00030,Keyboard,2,791.97,2026-04-08 15:03:23.515311,Processing,Netherlands,cust175@example.com,Bitcoin,43.69,1627.63
ORD000003,CUST00093,Phone,8,404.21,2026-02-23 15:03:23.515413,Processing,UK,cust3@example.com,Credit Card,30.8,3264.48
ORD000378,CUST00161,Phone,8,1390.92,2026-04-30 15:03:23.515261,Processing,Belgium,,Bank Transfer,37.29,11164.650000000001
ORD000048,CUST00021,Headphones,8,1063.72,2026-02-26 15:03:23.515406,Cancelled,UK,cust48@example.com,Bank Transfer,3.61,8513.37
ORD000227,CUST00160,Mouse,1,273.63,2026-04-10 15:03:23.515306,Shipped,USA,cust227@example.com,Bank Transfer,26.08,299.71
ORD000472,CUST00120,Laptop,5,489.88,2026-04-29 15:03:23.515263,Delivered,Germany,cust472@example.com,PayPal,47.0,2496.4
ORD000187,CUST00003,Headphones,7,989.77,2026-03-01 15:03:23.515398,Shipped,Netherlands,cust187@example.com,Bitcoin,29.51,6957.9
ORD000165,CUST00170,Keyboard,1,1072.56,2026-03-20 15:03:23.515359,Delivered,Belgium,cust165@example.com,PayPal,21.37,1093.9299999999998
ORD000063,CUST00188,Screen,5,735.52,2026-02-11 15:03:23.515441,Processing,Germany,cust63@example.com,Bank Transfer,22.51,3700.11
ORD000178,CUST00128,Case,4,95.23,2026-03-13 15:03:23.515374,Delivered,USA,cust178@example.com,PayPal,24.97,405.89
ORD000459,CUST00047,Tablet,1,291.84,2026-04-15 15:03:23.515296,Shipped,UK,cust459@example.com,PayPal,6.92,298.76
ORD000401,CUST00137,Screen,7,853.13,2026-02-05 15:03:23.515454,Cancelled,USA,cust401@example.com,Bitcoin,49.17,6021.08
ORD000123,CUST00162,Case,5,22.37,2026-04-06 15:03:23.515316,Pending,Germany,cust123@example.com,Bitcoin,37.14,148.99
ORD000041,CUST00051,Monitor,7,950.77,2026-03-20 15:03:23.515359,Cancelled,Belgium,cust41@example.com,Bank Transfer,43.9,6699.289999999999
ORD000087,CUST00048,Mouse,2,1476.05,2026-03-20 15:03:23.515359,Delivered,USA,cust87@example.com,PayPal,22.9,2975.0
ORD000172,CUST00108,Case,2,1226.86,2026-04-13 15:03:23.515300,Cancelled,Germany,cust172@example.com,Bank Transfer,1.75,2455.47
ORD000230,CUST00068,Case,2,275.56,2026-04-29 15:03:23.515263,Cancelled,Belgium,cust230@example.com,Credit Card,17.24,568.36
ORD000219,CUST00054,USB Cable,1,1368.98,2026-02-06 15:03:23.515452,Delivered,Netherlands,cust219@example.com,PayPal,18.68,1387.66
ORD000001,CUST00103,Headphones,2,1018.63,2026-04-13 15:03:23.515300,Delivered,Germany,cust1@example.com,Credit Card,6.22,2043.48
ORD000283,CUST00140,Mouse,9,1480.01,2026-04-09 15:03:23.515309,Shipped,UK,cust283@example.com,Bank Transfer,38.24,13358.33
ORD000417,CUST00020,Keyboard,4,1260.59,2026-02-10 15:03:23.515443,Processing,Belgium,cust417@example.com,Bitcoin,,5068.07
ORD000104,CUST00071,Keyboard,7,941.2,2026-02-10 15:03:23.515443,Delivered,Germany,cust104@example.com,Credit Card,10.65,6599.05
ORD000237,CUST00069,Tablet,6,542.05,2026-04-19 15:03:23.515287,Delivered,Belgium,cust237@example.com,PayPal,36.1,3288.3999999999996
ORD000493,CUST00048,Laptop,5,1391.13,2026-02-08 15:03:23.515448,Processing,Germany,cust493@example.com,Bitcoin,47.44,7003.09
ORD000440,CUST00049,Phone,4,589.4,2026-04-14 15:03:23.515298,Cancelled,Belgium,cust440@example.com,Credit Card,0.68,2358.2799999999997
ORD000196,CUST00152,Laptop,8,1021.94,2026-04-24 15:03:23.515276,Shipped,UK,cust196@example.com,Bitcoin,46.2,8221.720000000001
ORD000492,CUST00118,Case,5,1194.2,2026-03-29 15:03:23.515339,Pending,USA,cust492@example.com,Bitcoin,22.65,5993.65
ORD000200,CUST00096,USB Cable,9,696.62,2026-04-06 15:03:23.515316,Shipped,UK,cust200@example.com,Bitcoin,47.13,6316.71
ORD000419,CUST00008,Case,5,533.36,2026-04-10 15:03:23.515306,Delivered,USA,cust419@example.com,PayPal,21.82,2688.6200000000003
ORD000484,CUST00140,Phone,5,1036.56,2026-03-19 15:03:23.515362,Delivered,Belgium,cust484@example.com,Bank Transfer,3.49,5186.289999999999
ORD000109,CUST00063,Case,-1,1195.82,2026-04-24 15:03:23.515276,Processing,UK,cust109@example.com,Bitcoin,18.68,7193.6
ORD000327,CUST00135,USB Cable,8,1306.78,2026-02-16 15:03:23.515428,Cancelled,Germany,cust327@example.com,Bank Transfer,2.14,10456.38
ORD000059,CUST00130,Laptop,1,1138.6,2026-03-30 15:03:23.515337,Shipped,USA,cust59@example.com,PayPal,16.26,1154.86
ORD000453,CUST00103,Laptop,6,1087.89,2026-03-15 15:03:23.515370,Shipped,Netherlands,cust453@example.com,Bank Transfer,20.12,6547.46
ORD000224,CUST00130,Monitor,4,201.69,2026-03-22 15:03:23.515355,Processing,France,cust224@example.com,Credit Card,3.88,810.64
ORD000112,CUST00136,Keyboard,1,192.15,2026-04-23 15:03:23.515278,Cancelled,UK,cust112@example.com,Bitcoin,19.28,211.43
ORD000475,CUST00092,Headphones,8,1491.24,2026-04-30 15:03:23.515261,Pending,UK,cust475@example.com,Credit Card,41.64,11971.56
ORD000427,CUST00032,Headphones,4,937.67,2026-03-20 15:03:23.515359,Pending,USA,cust427@example.com,PayPal,45.15,3795.83
ORD000328,CUST00195,Headphones,9,1174.67,2026-04-12 15:03:23.515302,Shipped,USA,cust328@example.com,Credit Card,22.32,10594.35
ORD000452,CUST00005,USB Cable,5,160.64,2026-04-24 15:03:23.515276,Cancelled,France,cust452@example.com,Bitcoin,20.74,823.9399999999999
ORD000222,CUST00147,Laptop,3,949.18,2026-02-21 15:03:23.515417,Shipped,USA,cust222@example.com,Bitcoin,15.93,2863.47
ORD000467,CUST00124,Keyboard,6,354.4,2026-02-09 15:03:23.515445,Pending,France,cust467@example.com,Credit Card,23.46,2149.8599999999997
ORD000184,CUST00190,Screen,3,508.66,2026-04-13 15:03:23.515300,Pending,Netherlands,cust184@example.com,PayPal,39.25,1565.23
ORD000054,CUST00060,Mouse,6,1307.95,2026-04-19 15:03:23.515287,Cancelled,Germany,cust54@example.com,Credit Card,5.81,7853.510000000001
ORD000021,CUST00088,Phone,9,506.0,2026-02-26 15:03:23.515406,Processing,France,cust21@example.com,Bitcoin,33.86,4587.86
ORD000176,CUST00190,Case,6,1098.73,2026-02-25 15:03:23.515408,Shipped,USA,cust176@example.com,Bitcoin,31.9,6624.28
ORD000090,CUST00040,Tablet,8,348.78,2026-04-02 15:03:23.515330,Delivered,France,cust90@example.com,PayPal,32.08,2822.3199999999997
ORD000078,CUST00004,Monitor,4,413.52,2026-04-28 15:03:23.515267,Shipped,Netherlands,cust78@example.com,PayPal,27.48,1681.56
ORD000134,CUST00101,Case,3,161.87,2026-03-29 15:03:23.515339,Processing,France,cust134@example.com,Bank Transfer,27.34,512.95
ORD000166,CUST00045,Phone,100,1203.58,2026-04-02 15:03:23.515330,Processing,Germany,cust166@example.com,Bitcoin,10.31,9638.949999999999
ORD000458,CUST00094,Mouse,4,1341.82,2026-03-14 15:03:23.515372,Shipped,France,cust458@example.com,Bank Transfer,33.81,5401.09
ORD000387,CUST00174,Mouse,8,1205.52,2026-04-13 15:03:23.515300,Shipped,France,cust387@example.com,PayPal,26.66,9670.82
ORD000284,CUST00197,USB Cable,5,1447.85,2026-03-06 15:03:23.515389,Pending,France,cust284@example.com,Bank Transfer,33.94,7273.19
ORD000450,CUST00060,Monitor,6,1486.93,2026-02-24 15:03:23.515411,Cancelled,France,cust450@example.com,Bitcoin,0.27,8921.85
ORD000115,CUST00033,Headphones,3,304.78,2026-03-09 15:03:23.515383,Delivered,Netherlands,cust115@example.com,PayPal,46.98,961.3199999999999
ORD000383,CUST00054,Keyboard,8,731.38,2026-04-08 15:03:23.515311,Pending,Belgium,cust383@example.com,Credit Card,22.54,5873.58
ORD000026,CUST00188,Monitor,8,763.66,2026-02-25 15:03:23.515408,Processing,Belgium,cust26@example.com,Bitcoin,3.54,6112.82
ORD000331,CUST00033,Case,3,1318.38,2026-03-04 15:03:23.515392,Cancelled,Germany,cust331@example.com,Credit Card,30.42,3985.5600000000004
ORD000152,CUST00132,USB Cable,9,1035.75,2026-04-13 15:03:23.515300,Cancelled,France,cust152@example.com,PayPal,18.61,9340.36
ORD000174,CUST00084,Laptop,1,967.15,2026-03-10 15:03:23.515381,Delivered,France,cust174@example.com,Bank Transfer,20.57,987.72
ORD000337,CUST00158,Tablet,3,1197.73,2026-04-05 15:03:23.515318,Delivered,France,cust337@example.com,PayPal,46.46,3639.65
ORD000126,CUST00151,Screen,4,722.51,2026-02-13 15:03:23.515437,Delivered,Germany,cust126@example.com,Bitcoin,4.22,2894.2599999999998
ORD000285,CUST00037,USB Cable,7,12.39,2026-02-15 15:03:23.515432,Shipped,Belgium,cust285@example.com,Credit Card,38.65,125.38
ORD000134,CUST00101,Case,3,161.87,2026-03-29 15:03:23.515339,Processing,France,cust134@example.com,Bank Transfer,27.34,512.95
ORD000215,CUST00187,Mouse,7,1351.55,2026-02-24 15:03:23.515411,Processing,USA,cust215@example.com,PayPal,10.8,9471.65
ORD000402,CUST00043,Case,4,388.56,2026-02-13 15:03:23.515437,Cancelled,France,cust402@example.com,Bank Transfer,39.34,1593.58
ORD000408,CUST00050,Keyboard,9,951.56,2026-04-04 15:03:23.515320,Delivered,France,cust408@example.com,Credit Card,13.2,8577.24
ORD000006,CUST00072,Keyboard,3,989.39,2026-02-21 15:03:23.515417,Delivered,France,cust6@example.com,Bitcoin,27.95,2996.12
ORD000409,CUST00153,Case,7,1427.35,2026-02-11 15:03:23.515441,Processing,UK,cust409@example.com,Bitcoin,20.76,10012.21
ORD000036,CUST00015,Monitor,2,164.94,2026-04-22 15:03:23.515280,Cancelled,Germany,cust36@example.com,PayPal,19.53,349.40999999999997
ORD000034,CUST00170,Tablet,1,812.28,2026-02-07 15:03:23.515450,Shipped,Belgium,cust34@example.com,PayPal,9.35,821.63
ORD000010,CUST00122,Headphones,6,1256.33,2026-02-17 15:03:23.515426,Shipped,Belgium,cust10@example.com,Bank Transfer,27.04,7565.0199999999995
ORD000155,CUST00171,Phone,6,255.39,2026-03-07 15:03:23.515386,Delivered,USA,cust155@example.com,Bank Transfer,19.16,1551.5
ORD000436,CUST00150,Monitor,7,964.75,2026-04-01 15:03:23.515333,Processing,Netherlands,cust436@example.com,Credit Card,48.06,6801.31
ORD000173,CUST00044,Phone,6,681.22,2026-03-13 15:03:23.515374,Pending,USA,cust173@example.com,Credit Card,39.37,4126.6900000000005
ORD000097,CUST00124,Keyboard,1,1452.45,2026-03-02 15:03:23.515396,Pending,France,cust97@example.com,PayPal,26.29,1478.74
ORD000273,CUST00099,Keyboard,9,799.1,2026-04-02 15:03:23.515330,Cancelled,Netherlands,cust273@example.com,Bitcoin,28.77,7220.670000000001
ORD000042,CUST00108,Tablet,3,1398.38,2026-03-30 15:03:23.515337,Delivered,Germany,cust42@example.com,Bank Transfer,30.28,4225.42
ORD000083,CUST00162,Keyboard,6,632.49,2026-02-25 15:03:23.515408,Cancelled,UK,cust83@example.com,Bitcoin,46.28,3841.2200000000003
ORD000080,CUST00191,Headphones,4,230.83,2026-04-21 15:03:23.515282,Shipped,Germany,,Bank Transfer,7.2,930.5200000000001
ORD000466,CUST00114,Monitor,3,1201.53,2026-03-28 15:03:23.515342,Pending,UK,cust466@example.com,Bank Transfer,31.65,3636.2400000000002
ORD000210,CUST00113,Screen,4,870.12,2026-03-05 15:03:23.515390,Shipped,USA,cust210@example.com,Credit Card,12.74,3493.22
ORD000072,CUST00104,Mouse,5,1193.24,2026-02-28 15:03:23.515400,Processing,USA,cust72@example.com,Bitcoin,25.99,5992.19
ORD000481,CUST00023,Tablet,9,845.63,2026-02-23 15:03:23.515413,Shipped,UK,cust481@example.com,Bitcoin,2.72,7613.39
ORD000232,CUST00184,Screen,7,740.96,2026-04-13 15:03:23.515300,Delivered,Belgium,cust232@example.com,Bank Transfer,20.73,5207.45
ORD000111,CUST00081,Monitor,9,180.38,2026-05-02 15:03:23.515252,Shipped,USA,cust111@example.com,Credit Card,31.37,1654.79
ORD000447,CUST00101,USB Cable,1,645.16,2026-04-25 15:03:23.515273,Shipped,Germany,cust447@example.com,Bank Transfer,15.45,660.61
ORD000305,CUST00112,Keyboard,8,1040.48,2026-03-19 15:03:23.515362,Cancelled,UK,cust305@example.com,Bitcoin,25.53,8349.37
ORD000030,CUST00022,Screen,7,1471.87,2026-03-30 15:03:23.515337,Processing,Netherlands,cust30@example.com,Bank Transfer,49.1,10352.19
ORD000007,CUST00189,Headphones,3,1276.62,2026-04-02 15:03:23.515330,Pending,Germany,cust7@example.com,Credit Card,25.05,3854.91
ORD000100,CUST00015,Laptop,3,1166.01,2026-03-22 15:03:23.515355,Shipped,Netherlands,cust100@example.com,PayPal,8.7,3506.7299999999996
ORD000358,CUST00049,Mouse,7,1295.68,2026-04-21 15:03:23.515282,Cancelled,Germany,cust358@example.com,Credit Card,17.35,9087.11
ORD000433,CUST00063,USB Cable,8,329.03,2026-02-18 15:03:23.515424,Processing,Netherlands,cust433@example.com,Bank Transfer,28.56,2660.7999999999997
ORD000270,CUST00151,Headphones,2,172.32,2026-03-12 15:03:23.515376,Delivered,Belgium,cust270@example.com,Credit Card,10.18,354.82
ORD000473,CUST00063,Screen,2,502.84,2026-02-23 15:03:23.515413,Shipped,Belgium,cust473@example.com,Bitcoin,25.2,1030.8799999999999
ORD000035,CUST00188,Headphones,7,1170.87,2026-03-05 15:03:23.515390,Processing,Belgium,cust35@example.com,Credit Card,0.99,8197.08
ORD000439,CUST00086,Case,8,351.76,2026-04-30 15:03:23.515261,Shipped,UK,cust439@example.com,Credit Card,20.3,2834.38
ORD000217,CUST00002,Case,7,418.86,2026-03-21 15:03:23.515357,Delivered,USA,cust217@example.com,Bank Transfer,39.32,2971.34
ORD000015,CUST00104,Screen,5,242.11,2026-02-27 15:03:23.515404,Pending,Netherlands,cust15@example.com,Bitcoin,48.08,1258.63
ORD000324,CUST00148,Tablet,1,77.08,2026-04-11 15:03:23.515304,Processing,USA,cust324@example.com,Bitcoin,49.46,126.53999999999999
ORD000361,CUST00158,Case,5,43.33,2026-02-07 15:03:23.515450,Shipped,USA,cust361@example.com,Bitcoin,12.91,229.55999999999997
ORD000216,CUST00113,Headphones,2,635.47,2026-04-02 15:03:23.515330,Shipped,Netherlands,cust216@example.com,Bitcoin,40.47,1311.41
ORD000384,CUST00058,Phone,7,388.88,2026-03-28 15:03:23.515342,Pending,Germany,cust384@example.com,Bank Transfer,47.92,2770.08
ORD000144,CUST00090,Screen,1,778.98,2026-02-22 15:03:23.515415,Shipped,Germany,cust144@example.com,PayPal,0.79,779.77
ORD000318,CUST00161,Screen,9,990.03,2026-02-08 15:03:23.515448,Pending,USA,cust318@example.com,Bank Transfer,37.15,8947.42
ORD000367,CUST00037,Laptop,3,913.82,2026-02-15 15:03:23.515432,Cancelled,Belgium,cust367@example.com,Bitcoin,37.91,2779.37
ORD000382,CUST00025,Tablet,5,156.62,2026-04-10 15:03:23.515306,Cancelled,UK,cust382@example.com,Credit Card,22.19,805.2900000000001
ORD000444,CUST00015,Headphones,2,208.98,2026-03-18 15:03:23.515364,Pending,UK,cust444@example.com,Bitcoin,0.86,418.82
ORD000315,CUST00163,Laptop,4,1035.84,2026-02-11 15:03:23.515441,Shipped,UK,cust315@example.com,Bank Transfer,2.1,4145.46
ORD000214,CUST00081,Screen,5,1310.77,2026-02-10 15:03:23.515443,Processing,France,cust214@example.com,Credit Card,41.41,6595.26
ORD000325,CUST00128,Headphones,1,1465.88,2026-02-05 15:03:23.515454,Delivered,Netherlands,cust325@example.com,Bank Transfer,11.58,1477.46
ORD000192,CUST00062,Monitor,1,1494.52,2026-05-02 15:03:23.515252,Delivered,Germany,cust192@example.com,Bank Transfer,14.05,1508.57
ORD000340,CUST00051,Case,1,184.71,2026-04-09 15:03:23.515309,Delivered,Netherlands,cust340@example.com,Bank Transfer,42.12,226.83
ORD000374,CUST00188,Monitor,3,16.31,2026-02-23 15:03:23.515413,Processing,Netherlands,cust374@example.com,Bitcoin,29.99,78.91999999999999
ORD000075,CUST00134,Case,3,128.16,2026-03-13 15:03:23.515374,Cancelled,UK,cust75@example.com,Bitcoin,25.84,410.32
ORD000082,CUST00044,Tablet,6,1415.71,2026-04-13 15:03:23.515300,Pending,UK,cust82@example.com,Bank Transfer,8.61,8502.87
ORD000051,CUST00018,Laptop,4,522.1,2026-03-13 15:03:23.515374,Pending,UK,cust51@example.com,Bank Transfer,49.1,2137.5
ORD000186,CUST00116,USB Cable,1,1185.6,2026-04-21 15:03:23.515282,Processing,Belgium,cust186@example.com,Credit Card,10.05,1195.6499999999999
ORD000195,CUST00172,Case,3,303.32,2026-04-05 15:03:23.515318,Cancelled,UK,cust195@example.com,PayPal,20.44,930.4000000000001
ORD000070,CUST00164,Screen,8,679.82,2026-03-29 15:03:23.515339,Pending,Netherlands,cust70@example.com,Credit Card,29.11,5467.67
ORD000375,CUST00116,Tablet,2,972.97,2026-03-09 15:03:23.515383,Cancelled,UK,cust375@example.com,Bitcoin,43.08,1989.02
ORD000106,CUST00088,Monitor,5,53.63,2026-04-29 15:03:23.515263,Delivered,USA,cust106@example.com,Bitcoin,0.33,268.48
ORD000220,CUST00087,Laptop,7,319.94,2026-04-26 15:03:23.515271,Delivered,Netherlands,cust220@example.com,Bank Transfer,13.57,2253.15
ORD000359,CUST00017,Laptop,1,781.03,2026-04-25 15:03:23.515273,Cancelled,Netherlands,cust359@example.com,Credit Card,19.54,800.5699999999999
ORD000122,CUST00012,Phone,9,685.55,2026-02-20 15:03:23.515419,Cancelled,Germany,cust122@example.com,Bitcoin,24.9,6194.849999999999
ORD000013,CUST00117,Headphones,5,929.82,2026-03-29 15:03:23.515339,Processing,USA,cust13@example.com,Bitcoin,24.11,4673.21
ORD000153,CUST00151,Monitor,1,1201.88,2026-04-24 15:03:23.515276,Processing,Belgium,cust153@example.com,Credit Card,16.65,1218.5300000000002
ORD000494,CUST00089,Case,1,355.79,2026-04-04 15:03:23.515320,Delivered,USA,cust494@example.com,Bitcoin,3.03,358.82
ORD000209,CUST00131,Tablet,8,1301.21,2026-04-17 15:03:23.515291,Shipped,UK,cust209@example.com,Bitcoin,27.67,10437.35
ORD000183,CUST00027,USB Cable,3,1463.92,2026-03-23 15:03:23.515353,Delivered,Germany,cust183@example.com,Credit Card,25.0,4416.76
ORD000236,CUST00024,Phone,5,774.65,2026-03-13 15:03:23.515374,Shipped,Germany,cust236@example.com,Bank Transfer,20.55,3893.8
ORD000276,CUST00090,Laptop,5,187.55,2026-04-24 15:03:23.515276,Pending,Germany,cust276@example.com,Bank Transfer,34.83,972.58
ORD000434,CUST00190,USB Cable,2,148.09,2026-03-08 15:03:23.515385,Cancelled,UK,cust434@example.com,Credit Card,,311.38
ORD000287,CUST00009,Mouse,5,960.48,2026-04-12 15:03:23.515302,Delivered,France,cust287@example.com,Bank Transfer,38.82,4841.219999999999
ORD000089,CUST00190,Phone,1,1341.68,2026-04-22 15:03:23.515280,Delivered,Belgium,cust89@example.com,PayPal,27.67,1369.3500000000001
ORD000223,CUST00126,Headphones,3,1101.0,2026-02-06 15:03:23.515452,Delivered,USA,cust223@example.com,Credit Card,45.18,3348.18
ORD000197,CUST00059,Laptop,7,112.94,2026-03-07 15:03:23.515386,Delivered,Belgium,cust197@example.com,Bitcoin,5.59,796.17
ORD000179,CUST00092,Tablet,1,374.42,2026-02-11 15:03:23.515441,Pending,USA,cust179@example.com,Credit Card,26.75,401.17
ORD000474,CUST00019,USB Cable,9,1005.88,2026-02-03 15:03:23.515459,Cancelled,USA,cust474@example.com,Bitcoin,47.46,9100.38
ORD000206,CUST00012,USB Cable,2,559.7,2026-02-21 15:03:23.515417,Cancelled,Germany,cust206@example.com,Credit Card,0.4,1119.8000000000002
ORD000157,CUST00036,Monitor,8,956.46,2026-04-29 15:03:23.515263,Shipped,Germany,cust157@example.com,Bitcoin,14.17,7665.85
ORD000151,CUST00096,Laptop,4,853.47,2026-02-14 15:03:23.515435,Cancelled,UK,cust151@example.com,Credit Card,29.74,3443.62
ORD000341,CUST00182,Keyboard,9,819.01,2026-04-26 15:03:23.515271,Processing,Germany,cust341@example.com,Credit Card,18.66,7389.75
ORD000320,CUST00033,Laptop,5,978.59,2026-03-13 15:03:23.515374,Delivered,USA,,Credit Card,27.28,4920.23
ORD000296,CUST00161,Mouse,8,1058.5,2026-04-02 15:03:23.515330,Pending,Belgium,cust296@example.com,Bitcoin,36.57,8504.57
ORD000103,CUST00089,USB Cable,6,1142.73,2026-04-11 15:03:23.515304,Processing,France,cust103@example.com,PayPal,30.61,6886.99
ORD000279,CUST00113,Tablet,9,477.65,2026-03-25 15:03:23.515348,Delivered,Belgium,cust279@example.com,Credit Card,21.95,4320.799999999999
ORD000060,CUST00084,Screen,4,41.76,2026-02-11 15:03:23.515441,Pending,USA,cust60@example.com,Bitcoin,47.06,214.1
ORD000312,CUST00082,Phone,4,858.06,2026-04-12 15:03:23.515302,Cancelled,UK,cust312@example.com,Bitcoin,0.78,3433.02
ORD000246,CUST00070,USB Cable,8,200.66,2026-03-01 15:03:23.515398,Processing,Belgium,cust246@example.com,Bank Transfer,27.07,1632.35
ORD000130,CUST00172,Headphones,7,1290.88,2026-03-25 15:03:23.515348,Shipped,Belgium,cust130@example.com,PayPal,25.64,9061.8
ORD000199,CUST00160,USB Cable,6,390.24,2026-04-13 15:03:23.515300,Pending,France,cust199@example.com,Bank Transfer,39.33,2380.77
ORD000308,CUST00093,Case,5,1026.46,2026-02-18 15:03:23.515424,Pending,France,cust308@example.com,Bank Transfer,24.22,5156.52
ORD000073,CUST00132,Tablet,4,1042.05,2026-02-13 15:03:23.515437,Processing,USA,cust73@example.com,Credit Card,3.7,4171.9
ORD000074,CUST00002,Monitor,2,335.05,2026-03-11 15:03:23.515379,Shipped,Netherlands,,Bank Transfer,30.27,700.37
ORD000037,CUST00190,Tablet,5,1142.74,2026-03-16 15:03:23.515368,Pending,Germany,cust37@example.com,Credit Card,9.57,5723.2699999999995
ORD000268,CUST00185,Keyboard,9,1303.07,2026-05-02 15:03:23.515252,Delivered,USA,cust268@example.com,PayPal,20.59,11748.22
ORD000141,CUST00027,Screen,5,841.67,2026-04-07 15:03:23.515313,Shipped,France,cust141@example.com,PayPal,45.58,4253.929999999999
ORD000376,CUST00191,USB Cable,7,1347.56,2026-02-10 15:03:23.515443,Cancelled,USA,cust376@example.com,PayPal,43.43,9476.35
ORD000164,CUST00066,Screen,3,1307.1,2026-02-11 15:03:23.515441,Pending,Netherlands,cust164@example.com,Bitcoin,38.54,3959.8399999999997
ORD000397,CUST00130,Case,2,276.25,2026-02-22 15:03:23.515415,Delivered,Belgium,cust397@example.com,Bitcoin,,555.66
ORD000298,CUST00116,Phone,1,1011.78,2026-04-22 15:03:23.515280,Shipped,Netherlands,cust298@example.com,PayPal,37.63,1049.41
ORD000485,CUST00129,Screen,2,305.4,2026-03-05 15:03:23.515390,Pending,France,cust485@example.com,Bitcoin,27.73,638.53
ORD000099,CUST00157,Laptop,6,1303.59,2026-04-02 15:03:23.515330,Pending,Germany,cust99@example.com,Bank Transfer,0.1,7821.639999999999
ORD000267,CUST00011,Screen,4,880.1,2026-04-22 15:03:23.515280,Shipped,USA,cust267@example.com,PayPal,33.95,3554.35
ORD000117,CUST00005,Case,5,100.99,2026-02-20 15:03:23.515419,Delivered,Netherlands,,Bank Transfer,36.29,541.24
ORD000478,CUST00090,Laptop,3,1097.32,2026-05-03 15:03:23.515239,Delivered,Netherlands,cust478@example.com,Bank Transfer,5.5,3297.46
ORD000009,CUST00103,Case,8,1064.0,2026-04-18 15:03:23.515289,Delivered,Germany,cust9@example.com,Bitcoin,26.71,8538.71
ORD000256,CUST00148,Laptop,7,376.83,2026-02-26 15:03:23.515406,Pending,UK,cust256@example.com,Bitcoin,15.55,2653.36
ORD000366,CUST00124,Tablet,9,802.74,2026-02-12 15:03:23.515439,Cancelled,USA,cust366@example.com,Credit Card,27.08,7251.74
ORD000191,CUST00137,Keyboard,8,346.54,2026-05-03 15:03:23.515239,Cancelled,Belgium,cust191@example.com,Bank Transfer,10.5,2782.82
ORD000496,CUST00129,USB Cable,8,232.86,2026-04-04 15:03:23.515320,Delivered,Netherlands,cust496@example.com,PayPal,1.25,1864.13
ORD000067,CUST00175,Case,4,414.07,2026-04-09 15:03:23.515309,Cancelled,Netherlands,cust67@example.com,PayPal,48.95,1705.23
ORD000008,CUST00021,USB Cable,1,1301.6,2026-04-01 15:03:23.515333,Cancelled,Germany,cust8@example.com,Bank Transfer,35.31,1336.9099999999999
ORD000095,CUST00154,Phone,5,1297.22,2026-04-16 15:03:23.515293,Delivered,Germany,cust95@example.com,PayPal,33.6,6519.700000000001
ORD000189,CUST00198,Monitor,2,835.27,2026-04-25 15:03:23.515273,Delivered,Belgium,cust189@example.com,Bitcoin,23.48,1694.02
ORD000330,CUST00128,Keyboard,3,1108.98,2026-03-28 15:03:23.515342,Pending,Germany,cust330@example.com,PayPal,36.46,3363.4
